id	generation	parent1	parent2	feasible	[Continuous] input_0	[Categorical] input_1	[Minimize] displacement	[Minimize] material
0	0	None	None	True	[1.4029250399622124, 2.1135316820811894, 2.8729395562430367, 3.3406050743604574, 0.8954683816033243, 3.814807032990621]	[1, 2, 2, 0, 1]	0.013782	4382.915982
1	0	None	None	True	[3.3672264792184627, 4.638691939865528, 1.7372425632560033, 3.355245221936254, 3.0063676346928654, 3.503470009091945]	[2, 1, 1, 2, 2]	0.001792	5326.902973
2	0	None	None	True	[1.9291944666325906, 2.5667857723605736, 4.205531187305583, 3.0189962701278255, 1.775135083953231, 4.408502718064834]	[2, 1, 1, 0, 2]	0.001653	4718.605644
3	0	None	None	True	[3.9060886953251988, 4.822786939399645, 3.5964402590667093, 0.3626169002270513, 0.6505752959405059, 0.525047822460708]	[1, 1, 0, 2, 2]	0.015139	4240.106571
4	0	None	None	True	[3.354436324744859, 1.5937011053210766, 2.8712811474192437, 4.723064315311044, 3.721857086035963, 0.7817735151450833]	[1, 1, 1, 2, 1]	0.001467	5213.465927
5	0	None	None	True	[2.4145082160378073, 3.0524047399633574, 0.05272232609192684, 3.3479282833393773, 0.7811822936682056, 1.2625165242721343]	[1, 1, 1, 1, 1]	0.022922	4254.164735
6	0	None	None	True	[3.634062907993539, 1.2782997132792306, 1.139690144385304, 2.0300064474151576, 1.7524206722067293, 3.685555654373694]	[2, 1, 0, 1, 2]	0.007226	3997.148219
7	0	None	None	True	[2.825054975987538, 2.446373875989252, 3.705197457242902, 2.8685322001770217, 0.2946968513245568, 2.4239382289454876]	[1, 2, 2, 1, 2]	0.004643	4466.51965
8	0	None	None	True	[0.6060777932991707, 1.7143395576675824, 2.70784884434574, 2.714636780730361, 3.3805602891793196, 0.6298612907710638]	[1, 0, 0, 0, 0]	0.006657	2857.158303
9	0	None	None	True	[2.6402045018329314, 3.1769283876696375, 2.9434584391147096, 2.760418609717557, 2.8998075270826504, 3.4663351546317616]	[2, 2, 1, 2, 0]	0.011426	4473.02807
10	0	None	None	True	[4.854540303685157, 4.259312289476785, 3.198192299606414, 4.690299230922156, 2.9696971654974806, 4.628201072356079]	[1, 0, 2, 0, 0]	0.018642	4807.316478
11	0	None	None	True	[2.220058160100091, 2.3542975036435463, 4.382549754362231, 3.922641826312106, 2.2509539966180303, 1.355760237595001]	[2, 1, 0, 2, 2]	0.001809	4625.098094
12	0	None	None	True	[1.4372358572279764, 3.4861881060520568, 4.2179295031601525, 0.02288419844599654, 4.686283972773243, 2.9479141955142154]	[1, 1, 2, 0, 0]	0.052731	5052.625547
13	0	None	None	True	[0.7374937235895251, 1.5771616143166551, 1.375948451348823, 0.7098811794188487, 1.0584136174285175, 2.70252899467265]	[1, 0, 1, 2, 0]	0.015983	2799.231558
14	0	None	None	True	[2.3965888855048982, 3.6569857641199137, 4.319151361777143, 3.8146528777464868, 4.5958653574901795, 0.772955651907134]	[1, 1, 1, 1, 0]	0.00137	5393.918074
15	0	None	None	True	[2.9798316825631037, 0.5798839678810391, 0.34614849807091064, 1.5913171319549846, 0.5053350445131793, 4.203780787627158]	[1, 2, 2, 0, 2]	0.008304	3483.641224
16	0	None	None	True	[2.2248274714457867, 3.592487828985939, 3.515898619764667, 0.8826942026110179, 1.9634468861770253, 4.223849823149136]	[1, 1, 2, 2, 1]	0.004589	5153.411608
17	0	None	None	True	[1.9136754575830288, 4.994225394053361, 1.5831126449459338, 1.728271801277013, 3.179531711706182, 1.0225903960011573]	[2, 0, 1, 1, 1]	0.022358	4362.00361
18	0	None	None	True	[1.0454874524591617, 3.896206889673983, 4.270265246381337, 1.4507546637876412, 2.6897710806335406, 0.808669632493571]	[1, 0, 0, 2, 2]	0.015058	4107.661127
19	0	None	None	True	[3.9735458563149932, 1.958079324534432, 2.4028317646568342, 2.9704051176523594, 1.4851339792827072, 4.268042557348156]	[1, 1, 1, 2, 0]	0.020428	4585.743662
20	0	None	None	True	[3.307066751699594, 3.8950571976414623, 4.490730351623505, 3.943150188424208, 4.843910964378223, 4.275492995068986]	[2, 2, 0, 1, 1]	0.001996	5672.613325
21	0	None	None	True	[1.6422993042229077, 2.465771661504003, 4.212566920368484, 4.601583600393889, 0.327456302539752, 4.299350469375968]	[2, 1, 1, 2, 2]	0.012653	5610.829032
22	0	None	None	True	[2.3493809239833636, 4.935834403337012, 2.0674988605430378, 0.7649022390058258, 3.234915149134052, 0.7316152932466968]	[0, 1, 2, 0, 1]	0.02414	4010.569962
23	0	None	None	True	[3.9220583606075152, 0.6298208752999895, 0.255649807344388, 1.2590536634894112, 2.730298743923753, 2.8084208142084983]	[2, 0, 0, 2, 0]	0.031688	3331.983699
24	0	None	None	True	[3.089415742802288, 4.1333145834009075, 2.7062716762787753, 3.2097040642438945, 3.7298198057047838, 1.8258404595826683]	[1, 1, 1, 2, 2]	0.001373	5316.077852
25	0	None	None	True	[0.3615209452297763, 4.821833239625842, 3.163368123739248, 0.12108479968230557, 0.4841793428446173, 4.039178417851788]	[0, 1, 0, 2, 2]	0.027689	4065.892546
26	0	None	None	True	[1.354569196971619, 3.3785969464759367, 1.6955285018470518, 2.2078762510177463, 1.8915709402942822, 4.751133438478557]	[2, 0, 1, 0, 1]	0.015909	4152.579667
27	0	None	None	True	[3.942766986804958, 2.9788279205222317, 0.10936868383718434, 4.141385522292658, 0.24616940754192573, 1.0199487938328333]	[2, 1, 1, 2, 0]	0.02854	4770.071917
28	0	None	None	True	[4.573931044347554, 4.102610896883444, 4.0093865448710035, 3.6539049801454064, 3.1555892612387537, 4.599807741004464]	[1, 1, 1, 0, 0]	0.018703	5094.619274
29	0	None	None	True	[3.8433661463758373, 3.2843070141010933, 3.594569829787291, 3.104109684300206, 0.5550020852432647, 2.3386481424082524]	[1, 2, 1, 0, 2]	0.006061	4505.422832
30	0	None	None	True	[0.8377439500942974, 4.1749691700096205, 4.855390099104459, 3.550449311151564, 0.8256878954532959, 3.651166185196219]	[2, 2, 2, 0, 2]	0.009365	5034.192075
31	0	None	None	True	[4.045482528814605, 3.5802365466752257, 4.910070083589748, 0.8878660319228687, 0.08586865181421821, 3.374114957185401]	[2, 0, 0, 1, 0]	0.03869	4098.66702
32	0	None	None	True	[1.7671101531296225, 3.4916254010788563, 1.7406872959094521, 3.8022271829860403, 4.399768735913084, 3.1621064072567044]	[2, 2, 0, 1, 2]	0.011731	5033.347071
33	0	None	None	True	[4.43056390857842, 2.1706663561984394, 1.2011992596009535, 2.798211763828677, 1.253974629643514, 1.8832101957902603]	[0, 2, 2, 1, 1]	0.016546	3911.837611
34	0	None	None	True	[2.256943785402016, 0.24116045553220722, 4.606915073597408, 0.10885274236737574, 3.2806403078799145, 0.4334951157403072]	[1, 1, 0, 0, 2]	0.025116	4436.947605
35	0	None	None	True	[4.7414076585074145, 0.03407709048614094, 1.917104791277775, 2.5111119488862537, 2.0576760415112587, 0.5113165547552267]	[1, 0, 1, 1, 1]	0.018315	3900.444809
36	0	None	None	True	[1.8321123429391402, 2.427703198278999, 4.3902847221731545, 1.4938548434994292, 3.244559447254071, 1.0296607850286754]	[2, 2, 1, 2, 1]	0.002269	4433.678636
37	0	None	None	True	[1.148156746070505, 4.463280841397018, 1.770941924823437, 3.1560550083735435, 3.6784614814220125, 1.1311450451498983]	[0, 2, 1, 1, 1]	0.002814	4834.774876
38	0	None	None	True	[0.8562066401062612, 4.238863219381442, 2.549713931141824, 1.0768522799804465, 2.8971006770475745, 1.6387865022328056]	[0, 2, 0, 0, 1]	0.022626	3711.607395
39	0	None	None	True	[3.2425818100396633, 0.7061298143242806, 3.9660676763201868, 3.8168343473784008, 1.636154095221849, 4.504092575397198]	[2, 1, 1, 0, 1]	0.009824	5402.012861
40	0	None	None	True	[1.4064058930968342, 1.5675011497659452, 4.3012575073815515, 1.5537881069662363, 4.17079604999285, 0.04654241259146763]	[0, 0, 0, 1, 2]	0.021529	4162.934638
41	0	None	None	True	[2.79430335372746, 0.08627956839104778, 0.06352540619446845, 1.3464362718545648, 0.8078569726622103, 3.992821879362734]	[0, 1, 1, 0, 1]	0.029185	3390.644264
42	0	None	None	True	[1.809252122101284, 3.204957002231943, 1.6535487277572725, 2.565194291613699, 2.66358289209275, 2.031708217168828]	[2, 1, 1, 2, 1]	0.001824	4254.252374
43	0	None	None	True	[2.9288496416071856, 4.287427472861584, 4.598906284671914, 4.570460223388514, 2.041680646575983, 1.2990621310601314]	[1, 1, 1, 2, 1]	0.001376	5688.987919
44	0	None	None	True	[1.9065050615838741, 3.2555805789538095, 3.3783859605807134, 3.8734504774246767, 0.4456663799571825, 3.4940883462544674]	[2, 1, 2, 0, 2]	0.011974	4593.894228
45	0	None	None	True	[0.10272241585911224, 2.393024929476584, 2.750602180175945, 0.05871336228068125, 1.5889909830665994, 3.5686438674117875]	[2, 1, 1, 1, 1]	0.024519	4090.503403
46	0	None	None	True	[4.270039809465404, 4.75571897274175, 3.5415159379772634, 4.702254121728933, 1.8678158035511245, 4.61043371166339]	[2, 2, 0, 1, 2]	0.004155	5588.520624
47	0	None	None	True	[4.817112501007984, 1.3616122279922371, 3.3494518841424274, 4.973189394523642, 1.6434395118855805, 0.2877678564484698]	[2, 1, 2, 2, 2]	0.003293	5632.167639
48	0	None	None	True	[2.4650056890877248, 4.160227463502716, 3.4743840269594317, 1.4071803020508522, 4.235933304449284, 2.6716117575640146]	[0, 0, 2, 2, 1]	0.012488	4459.988474
49	0	None	None	True	[0.39003503035499043, 0.49742373743747126, 0.050179812462168294, 3.311929117474692, 1.9649387946882308, 3.5181447055751502]	[0, 0, 1, 0, 1]	0.030474	3278.975456
50	1	13	None	True	[0.7374937235895251, 1.5771616143166551, 1.375948451348823, 0.7098811794188487, 1.0584136174285175, 2.70252899467265]	[1, 0, 1, 2, 0]	0.015983	2799.231558
51	1	14	None	True	[2.3965888855048982, 3.6569857641199137, 4.319151361777143, 3.8146528777464868, 4.5958653574901795, 0.772955651907134]	[1, 1, 1, 1, 0]	0.00137	5393.918074
52	1	8	None	True	[0.6060777932991707, 1.7143395576675824, 2.70784884434574, 2.714636780730361, 3.3805602891793196, 0.6298612907710638]	[1, 0, 0, 0, 0]	0.006657	2857.158303
53	1	42	None	True	[1.809252122101284, 3.204957002231943, 1.6535487277572725, 2.565194291613699, 2.66358289209275, 2.031708217168828]	[2, 1, 1, 2, 1]	0.001824	4254.252374
54	1	2	None	True	[1.9291944666325906, 2.5667857723605736, 4.205531187305583, 3.0189962701278255, 1.775135083953231, 4.408502718064834]	[2, 1, 1, 0, 2]	0.001653	4718.605644
55	1	49	0	True	[1.324194870287866, 1.9128894831446772, 0.0, 3.3161910468750877, 0.7122690203754313, 3.838604663779149]	[0, 2, 2, 0, 1]	0.043217	3557.98336
56	1	2	20	True	[2.975146234949512, 2.275548327031859, 4.255931609279394, 3.039699016575383, 5.0, 4.434466528089012]	[2, 1, 1, 1, 2]	0.001617	6021.463095
57	1	38	6	True	[3.4150523773603254, 4.679533955349281, 1.5657715875028506, 1.489744839961454, 1.9159017239481955, 1.4482402417373679]	[2, 1, 0, 0, 2]	0.006178	3848.933868
58	1	46	33	True	[4.312947053047153, 1.5763497976730587, 2.2631447182810307, 3.101551586486657, 1.4080736087523658, 1.7168455273822623]	[0, 2, 2, 1, 2]	0.018556	3974.412591
59	1	8	38	True	[0.0, 0.8739475748915532, 2.547722327558628, 2.646025012775901, 2.8161585147324812, 0.452777602518665]	[0, 0, 0, 0, 0]	0.006152	2317.893444
60	1	6	2	True	[3.3697046191450273, 1.1162463047105549, 2.7518436058890767, 1.7335508836174718, 1.772010777866913, 4.380217602444744]	[2, 1, 0, 1, 2]	0.005708	4365.755335
61	1	49	36	True	[3.2628866396581513, 0.7861345444705983, 2.823122658755972, 3.641381062753827, 3.1458366455841027, 1.8010686585725943]	[0, 0, 1, 0, 1]	0.02058	3747.728281
62	1	22	6	True	[3.452150017467381, 3.00381673215071, 2.1958624980769943, 2.3657818409464024, 2.4407770077022124, 0.08272718752352431]	[2, 1, 0, 0, 1]	0.004274	3626.412736
63	1	15	13	True	[3.6086708139943493, 0.5802389166700537, 1.5503702560067605, 1.817032588046335, 0.6510310402460451, 4.19314441070844]	[1, 2, 2, 2, 0]	0.028219	3859.552201
64	1	0	20	True	[2.788013932799331, 3.5968291904703795, 2.7983576277442275, 3.586286236492499, 0.0, 4.066391457132597]	[1, 2, 0, 0, 1]	0.042	4287.621616
65	1	15	14	True	[4.812728392884623, 1.1460903943185095, 1.6152438505083826, 2.7390726811954744, 0.0, 4.964847252608262]	[1, 1, 2, 1, 2]	0.015932	4685.953827
66	1	13	19	True	[2.0595188238212083, 1.5296368121429311, 2.586809791458389, 3.68864976426736, 1.3047806141185407, 4.033322910086348]	[2, 1, 1, 0, 0]	0.022224	4129.846551
67	1	26	49	True	[1.2730078899869421, 2.3567720427576013, 0.1308146099398967, 2.845169646518983, 1.9529545572022697, 3.3231782756182753]	[2, 0, 1, 0, 1]	0.028545	3735.898322
68	1	13	15	True	[1.0706698247446211, 0.3843498252058381, 1.6398290505864814, 0.6616988717444294, 1.2263610861577212, 2.593310389944135]	[1, 2, 1, 0, 0]	0.019389	2705.556888
69	1	44	22	True	[2.446016881426996, 4.497055144410537, 1.8167554203291252, 3.098478596026724, 1.7870780622821336, 2.1754116511427632]	[2, 1, 2, 0, 2]	0.001733	4278.739315
70	1	35	1	True	[4.184671430381811, 2.545329679914219, 1.765851995496597, 3.486561031807619, 1.7853381935398753, 1.5753896312744449]	[0, 0, 1, 1, 1]	0.024053	3916.388196
71	1	4	24	True	[3.179020798859609, 0.7505848715344482, 2.9126988155587337, 3.681502313331518, 3.7238055697840475, 0.60205842205913]	[1, 1, 1, 2, 2]	0.002384	5005.719255
72	1	35	38	True	[4.850910821585413, 5.0, 2.711733737906412, 2.362196762939619, 2.2685444137200244, 1.5938056784595112]	[1, 2, 0, 0, 1]	0.003516	4614.062591
73	1	14	43	True	[3.091356424253252, 3.9165450136405413, 4.687152271674385, 4.008386070932179, 4.005308506016575, 0.9845734706681467]	[1, 1, 1, 1, 0]	0.001564	5434.156442
74	1	4	25	True	[3.611459993119535, 5.0, 2.9797635220461016, 5.0, 0.0, 2.809278438217955]	[1, 1, 1, 2, 1]	0.025564	5385.076729
75	1	13	27	True	[2.506434222278254, 1.7927961656837494, 0.0, 4.930000474896054, 1.2820704318627991, 3.0619836180003164]	[2, 1, 1, 2, 0]	0.040959	4381.478413
76	1	25	14	True	[1.9951819186375057, 3.451455590137865, 3.395901718408701, 0.0, 0.0, 3.35956490723493]	[1, 1, 1, 1, 2]	0.02309	4109.996756
77	1	41	2	True	[2.352885429973675, 1.7971044347562444, 3.738592858859292, 3.2357106014041066, 1.2546120265095388, 4.305180130025283]	[2, 1, 1, 0, 2]	0.006283	4641.357954
78	1	36	42	True	[1.8389208257792626, 2.486989693312484, 0.9715809559806533, 1.3574509398012728, 2.9285393458519904, 1.1197897036181381]	[2, 1, 1, 2, 2]	0.002785	3845.193762
79	1	7	16	True	[2.440714565303215, 1.1976158968333266, 3.6047633297645807, 2.1575709513800696, 0.20998798553026732, 2.975987399725045]	[1, 2, 2, 1, 1]	0.013222	4387.585027
80	1	23	41	True	[2.815296050930638, 0.47832997056462734, 0.11336487143070842, 1.2397939940140479, 2.040679484574598, 2.7913687119111272]	[2, 0, 1, 2, 0]	0.029878	3160.677237
81	1	48	13	True	[1.985975930150011, 4.194557156699414, 3.141232881409117, 0.7277657809510902, 3.3279091587649186, 2.6795788653954924]	[1, 0, 1, 2, 1]	0.010665	4484.916278
82	1	16	42	True	[2.0176880407677946, 3.6070453943801617, 1.420843515221975, 2.5156154138071374, 2.039332148446411, 4.630328074492763]	[2, 1, 2, 2, 1]	0.0025	4828.377941
83	1	25	17	True	[0.35986295391910306, 5.0, 2.05596337920252, 1.159835310731547, 0.023017643652080755, 1.3219783645774748]	[0, 1, 1, 2, 1]	0.010242	3781.353159
84	1	20	13	True	[4.108123667060336, 3.712036799955345, 0.49210531457517115, 0.0, 4.5427830262313424, 2.9869008093009213]	[2, 2, 1, 1, 0]	0.066751	4479.980876
85	1	23	43	True	[2.6602472110096693, 3.2850343689802943, 3.3539344014645147, 1.519314717817452, 2.6944627851446827, 3.284996133029285]	[2, 1, 0, 2, 0]	0.019802	4037.214395
86	1	43	36	True	[1.831819056657741, 2.91674040828964, 4.579680372155624, 4.0723538569811755, 3.3199136380742926, 0.5243642229565496]	[1, 2, 1, 2, 1]	0.001217	5099.994554
87	1	30	18	True	[1.002533560193382, 3.9431242632017938, 4.409090296719794, 4.23946158191405, 0.5840191089028217, 1.7970667676841494]	[1, 0, 0, 0, 2]	0.007156	3917.019248
88	1	25	37	True	[0.3585808838302144, 4.936074005575452, 1.9409226093816776, 2.4024734223370254, 1.2156967054100662, 0.8675765061302493]	[0, 2, 1, 2, 2]	0.002336	4337.519144
89	1	14	42	True	[1.9651968015772796, 3.7705537932090856, 2.6031786232786875, 3.337009186712743, 4.202066613379133, 0.8487312300286656]	[2, 1, 1, 2, 0]	0.001627	4667.695564
90	1	6	8	True	[2.4742772632544874, 1.5500021512228608, 3.2266700498130825, 2.386613933384517, 2.380446131962951, 2.887924736133554]	[1, 1, 0, 0, 0]	0.015256	3467.054677
91	1	14	8	True	[0.599829316284919, 1.6552308904033879, 5.0, 3.0498348069811017, 3.647897232240219, 0.7977757039722279]	[1, 1, 0, 1, 0]	0.009503	4417.474023
92	1	11	18	True	[2.281579916477768, 2.5297048392627417, 4.290591056722047, 2.721452914034294, 2.763836316653751, 1.2728203434174414]	[1, 0, 0, 2, 2]	0.005759	4019.789554
93	1	13	4	True	[2.752991594374863, 1.5720769950675477, 1.425049299582216, 4.430453471857966, 2.6407192026597506, 3.1604541968518616]	[1, 1, 1, 2, 1]	0.002774	5012.432732
94	1	18	24	True	[1.7098608661450594, 3.925351468020975, 2.501438385682858, 2.0642731954531786, 3.943846317615555, 0.8300183912862485]	[1, 0, 1, 2, 2]	0.010147	4632.824062
95	1	37	40	True	[1.1868475046693197, 3.822942458568376, 1.7822289358791592, 1.6341129420553209, 4.0245371546490265, 1.47256683700785]	[0, 2, 1, 1, 1]	0.003382	4512.74431
96	1	14	3	True	[3.488950244059917, 5.0, 3.5055432894464142, 4.055823055411143, 4.189863731719702, 0.7677838828353523]	[1, 1, 0, 1, 2]	0.002082	5598.028914
97	1	11	26	True	[1.6507592559080533, 3.6735242244260036, 1.0587716276077455, 4.235808615639013, 1.8337414775605734, 3.1155366092104297]	[2, 0, 1, 0, 2]	0.021407	4369.36735
98	1	1	46	True	[4.122967486875685, 4.706719165115969, 2.148590634945446, 4.987226273223868, 3.1683134335287244, 4.186141233043101]	[0, 1, 0, 2, 2]	0.022924	5219.906626
99	1	47	32	True	[2.6408386293090023, 3.581598767504488, 1.46694349685866, 5.0, 0.9575954861998361, 0.1672878612906311]	[2, 1, 2, 1, 2]	0.002285	4516.359699
100	2	59	None	True	[0.0, 0.8739475748915532, 2.547722327558628, 2.646025012775901, 2.8161585147324812, 0.452777602518665]	[0, 0, 0, 0, 0]	0.006152	2317.893444
101	2	86	None	True	[1.831819056657741, 2.91674040828964, 4.579680372155624, 4.0723538569811755, 3.3199136380742926, 0.5243642229565496]	[1, 2, 1, 2, 1]	0.001217	5099.994554
102	2	62	None	True	[3.452150017467381, 3.00381673215071, 2.1958624980769943, 2.3657818409464024, 2.4407770077022124, 0.08272718752352431]	[2, 1, 0, 0, 1]	0.004274	3626.412736
103	2	78	None	True	[1.8389208257792626, 2.486989693312484, 0.9715809559806533, 1.3574509398012728, 2.9285393458519904, 1.1197897036181381]	[2, 1, 1, 2, 2]	0.002785	3845.193762
104	2	89	None	True	[1.9651968015772796, 3.7705537932090856, 2.6031786232786875, 3.337009186712743, 4.202066613379133, 0.8487312300286656]	[2, 1, 1, 2, 0]	0.001627	4667.695564
105	2	50	66	True	[2.243094912079122, 1.5843617175454263, 2.867118018517866, 1.701715590774987, 0.9764046602739092, 3.010036170327198]	[2, 0, 1, 0, 0]	0.014751	3208.201073
106	2	56	59	True	[2.8610366701589562, 0.6819284210710741, 3.1243950282316586, 2.686010341662318, 2.102419559448253, 0.0]	[0, 1, 0, 0, 0]	0.015188	3054.485748
107	2	54	82	True	[1.9767754003637215, 2.793348283637461, 3.653730163299038, 2.7141311426238475, 1.860685070624518, 4.4282365518889275]	[2, 1, 2, 0, 2]	0.001412	4611.43152
108	2	69	80	True	[2.8173347059439533, 3.772094141459032, 0.13916065353641804, 0.7254707027606547, 1.7608813347080225, 2.4767065218825906]	[2, 1, 2, 0, 0]	0.035768	3436.047794
109	2	97	89	True	[1.579877720729171, 3.7478207380692323, 1.5960760835610444, 3.4044553481987205, 3.5452111871505005, 1.8264802893988508]	[2, 1, 1, 2, 2]	0.00195	4894.721345
110	2	53	54	True	[1.968799467225372, 3.0102778135688233, 2.1309591793333134, 3.0712687069875497, 1.7335095645484637, 5.0]	[2, 1, 1, 0, 2]	0.002318	4462.029941
111	2	52	89	True	[2.0855487435786584, 1.3160661978509733, 2.700026979499739, 2.905700903028457, 3.235316764635798, 0.7024501708978201]	[2, 0, 0, 0, 0]	0.005793	2988.086416
112	2	96	92	True	[2.5469997037132757, 5.0, 4.506113752863814, 4.332024757364448, 3.4770403955027103, 0.6061298250888585]	[1, 0, 0, 2, 2]	0.006282	5055.183199
113	2	54	88	True	[1.617581353989151, 2.982620658049718, 1.405376433312098, 2.8811358733833705, 1.896559498676424, 0.43495187294669035]	[2, 1, 1, 2, 2]	0.001958	4079.636401
114	2	67	79	True	[2.364668805412168, 1.0759131758761482, 4.10538986689665, 2.1113401708172805, 2.249257787069575, 3.3527373074041504]	[1, 2, 0, 0, 1]	0.011364	3940.407086
115	2	62	59	True	[4.405153584800663, 1.914135423863506, 2.608059948543765, 2.478842287691508, 2.4084264540119213, 0.3565561696768775]	[0, 1, 0, 0, 1]	0.019323	3403.943375
116	2	80	88	True	[2.357971296849725, 4.433278001577278, 1.4091803789681008, 2.187163854965304, 1.820485933851546, 3.2688098565380086]	[0, 2, 1, 2, 2]	0.005847	4491.917851
117	2	67	63	True	[4.338463939973465, 0.2630483709538588, 0.08045738876841702, 2.1110896483012693, 1.569881165860211, 4.020821084437463]	[1, 0, 2, 2, 1]	0.024448	4107.606065
118	2	61	89	True	[2.076727744359432, 4.644549294746453, 2.614347726599324, 3.602291187897551, 3.6965698791644357, 0.7776026317713758]	[0, 0, 1, 2, 1]	0.018575	4444.645428
119	2	57	69	True	[2.526562392615647, 4.595488772257484, 1.6467388222512145, 3.5474936767641627, 1.9549892501650135, 1.5983467072849749]	[2, 1, 2, 0, 2]	0.00194	4359.704317
120	2	96	87	True	[0.7959374036620774, 3.86645817672209, 4.623920810915401, 4.1344589085686145, 0.712925141629476, 1.2085788448241577]	[1, 0, 0, 0, 2]	0.006174	3823.521481
121	2	88	59	True	[0.3033252483634658, 5.0, 2.2633306039219123, 2.32467154267587, 1.5264551144826954, 0.5590242472762416]	[0, 2, 1, 0, 2]	0.002005	4043.101459
122	2	85	88	True	[2.1566919124625903, 5.0, 3.464616798108905, 2.486563009322198, 1.3600706060096135, 1.1477318689605167]	[2, 1, 0, 2, 2]	0.00352	4343.035352
123	2	57	99	True	[2.792250566966995, 3.903519047223687, 1.434630425809045, 5.0, 1.4007847173344437, 1.1673498496193178]	[2, 1, 0, 1, 2]	0.020795	4495.422805
124	2	62	53	True	[1.7740921182930744, 3.0975263466147824, 0.0, 2.433743776129493, 2.4199882767490584, 0.0]	[2, 1, 0, 2, 1]	0.026779	3638.268515
125	2	50	99	True	[1.3584496736975342, 2.2331087916891543, 1.4446522023557946, 4.786232161598774, 1.0522721426325097, 2.356948875894081]	[1, 0, 1, 2, 0]	0.015927	4421.803863
126	2	51	99	True	[3.2074058887818633, 3.587811002384749, 1.5765942113267704, 3.4594154885225814, 1.9615798799777655, 0.36889411640440994]	[2, 1, 2, 1, 0]	0.002029	4115.496388
127	2	57	88	True	[0.0, 4.228289357151375, 1.6904376994404584, 1.5233731487302278, 1.7122504804889114, 1.3784449538806571]	[2, 1, 1, 2, 2]	0.001553	3933.830686
128	2	69	89	True	[2.464697043073686, 4.350862145072257, 2.6988219225543855, 3.3829957797509005, 3.1101250415226365, 2.5653268220873753]	[1, 1, 1, 0, 0]	0.009591	4499.201658
129	2	57	93	True	[2.969651084240408, 4.219533880465741, 1.5198101621405025, 4.88352138488542, 2.508383137783233, 0.9166217172181572]	[1, 1, 0, 2, 2]	0.01891	5100.377634
130	2	54	68	True	[0.0, 2.938372248855132, 4.661239582057538, 1.521562574445315, 1.1699590436571898, 2.7112419522927693]	[1, 2, 1, 0, 0]	0.014683	3598.564064
131	2	65	95	True	[1.3951466525632048, 3.5641496353564697, 1.8195216109042287, 2.06564928404635, 3.6797227187559445, 0.5637871879341612]	[0, 2, 1, 1, 1]	0.003047	4292.106416
132	2	78	95	True	[1.1730520204461967, 2.629383947459356, 1.1780949948772874, 1.483520553126198, 3.297987621751293, 1.3745226371446897]	[2, 1, 1, 2, 1]	0.002575	3815.46906
133	2	83	95	True	[1.4318187358933787, 4.057363314924768, 1.9289567149653766, 1.3207809080059558, 4.540775895068953, 1.4669857018516932]	[0, 2, 1, 2, 1]	0.003562	4511.120758
134	2	94	98	True	[2.2062984755000032, 3.922518653991539, 2.1503086580046284, 5.0, 3.894263465220316, 4.07053622738871]	[1, 0, 1, 2, 2]	0.013873	5714.231308
135	2	67	72	True	[1.393068669718673, 4.526786948987082, 0.0, 2.4189397248448676, 2.045966794815022, 2.6726631130399126]	[2, 2, 0, 0, 1]	0.044003	3726.137013
136	2	87	88	True	[0.8399523269908029, 4.154056735686553, 4.946111529447089, 2.6335851789019045, 1.252633446612162, 0.710747128571867]	[1, 0, 0, 0, 2]	0.010029	3759.52612
137	2	58	95	True	[1.4105789721564572, 3.5849628469717363, 1.7527378936473728, 1.4914749510804675, 1.1468125502974984, 1.7357249241167514]	[0, 2, 1, 1, 2]	0.002935	3659.852124
138	2	83	67	True	[0.985453280941952, 5.0, 2.555870092623918, 2.622236745565057, 1.070054925339763, 3.5423104403326695]	[2, 1, 1, 0, 1]	0.006637	4683.757291
139	2	86	95	True	[1.5753423216933042, 2.9123173730604806, 5.0, 1.4314446764102278, 3.8359508353259715, 1.0792707529291379]	[0, 2, 1, 1, 1]	0.00449	4722.630481
140	2	59	50	True	[0.39044689166612323, 0.8028171765085915, 1.4860946247864457, 3.0037217276726267, 2.0111237524319296, 1.1257551156847427]	[0, 0, 0, 0, 0]	0.014447	2179.85314
141	2	92	86	True	[2.327243904396493, 2.7773584004788194, 4.2992711506958265, 2.475951158865679, 3.268152854536578, 1.4290719073750249]	[1, 2, 0, 2, 1]	0.007699	4395.372225
142	2	97	51	True	[2.1825498456215127, 3.6782576247296435, 1.5806032208588283, 4.336502618096979, 3.292973839715548, 3.392703206661742]	[1, 1, 1, 0, 0]	0.011675	4586.127025
143	2	51	86	True	[2.47479074058982, 3.5769208586310053, 4.251779268227937, 3.788274809539519, 3.8782888819565375, 0.6301914235297768]	[1, 2, 1, 1, 0]	0.001283	5072.35068
144	2	83	85	True	[0.0014157271019792361, 4.165223767197211, 2.1741874934080374, 1.4236355802627274, 2.631152359618042, 1.874725251088314]	[0, 1, 0, 2, 1]	0.004711	3695.363397
145	2	92	87	True	[1.9420797526410953, 4.387369360083982, 4.35085024039228, 2.9263214400944983, 0.7721846487768721, 1.3396378169786824]	[1, 0, 0, 2, 2]	0.008461	4152.009745
146	2	52	90	True	[0.12986708162779886, 1.5761957473350812, 2.9431600857788442, 2.280362824452933, 3.626208565318636, 0.9671456373517535]	[1, 1, 0, 0, 0]	0.012206	3267.831629
147	2	83	76	True	[2.268233492211467, 5.0, 3.8149631099418837, 0.4914742384611775, 0.017281299956510662, 3.5575696803782373]	[0, 1, 1, 1, 1]	0.028729	4614.660405
148	2	83	77	True	[0.0, 5.0, 4.142653499494948, 3.5135788088292115, 0.006849861774168353, 0.7861293814010744]	[0, 1, 1, 2, 1]	0.008901	4699.644097
149	2	60	72	True	[5.0, 4.638557335842181, 2.7203511577538726, 1.9686503823970631, 2.0186473386227908, 4.546393903238895]	[1, 1, 0, 1, 2]	0.003531	5016.174901
150	3	101	None	True	[1.831819056657741, 2.91674040828964, 4.579680372155624, 4.0723538569811755, 3.3199136380742926, 0.5243642229565496]	[1, 2, 1, 2, 1]	0.001217	5099.994554
151	3	140	None	True	[0.39044689166612323, 0.8028171765085915, 1.4860946247864457, 3.0037217276726267, 2.0111237524319296, 1.1257551156847427]	[0, 0, 0, 0, 0]	0.014447	2179.85314
152	3	100	None	True	[0.0, 0.8739475748915532, 2.547722327558628, 2.646025012775901, 2.8161585147324812, 0.452777602518665]	[0, 0, 0, 0, 0]	0.006152	2317.893444
153	3	111	None	True	[2.0855487435786584, 1.3160661978509733, 2.700026979499739, 2.905700903028457, 3.235316764635798, 0.7024501708978201]	[2, 0, 0, 0, 0]	0.005793	2988.086416
154	3	102	None	True	[3.452150017467381, 3.00381673215071, 2.1958624980769943, 2.3657818409464024, 2.4407770077022124, 0.08272718752352431]	[2, 1, 0, 0, 1]	0.004274	3626.412736
155	3	130	137	True	[0.44773407472793497, 2.78324823314136, 3.144101231169963, 1.5134962464754467, 1.14235578120807, 1.8570938507796786]	[0, 2, 2, 1, 2]	0.001866	3697.564842
156	3	113	120	True	[0.6958678889302101, 3.9392433382939163, 4.804496419723743, 3.731908890782015, 1.0193732356919216, 0.8053727067439289]	[1, 0, 1, 2, 2]	0.002374	4662.42231
157	3	111	101	True	[1.8598025645685659, 1.1243877396421234, 5.0, 2.5964621295356998, 3.261979861728406, 0.5932639472247896]	[2, 0, 1, 2, 1]	0.008445	4360.927302
158	3	101	108	True	[2.0247865651221333, 3.705757006177814, 4.004094084282881, 4.564331109974005, 2.091933633521462, 2.3519804180689357]	[2, 1, 2, 0, 1]	0.00386	4846.451346
159	3	105	101	True	[2.3447537679364348, 1.940442297477413, 2.6124219025855626, 1.4147827038199785, 3.573822574702189, 1.4196158118335251]	[2, 2, 1, 2, 1]	0.00228	4155.012642
160	3	102	126	True	[3.354754107906956, 3.0023218958935805, 1.5263917905421744, 2.333808023113519, 2.5129129609273013, 0.26895370531077273]	[2, 1, 2, 0, 0]	0.004781	3607.055193
161	3	114	104	True	[2.154564224660117, 2.6333029342013257, 2.965509041026266, 2.161582218236856, 3.9975286472317153, 0.8235148301686079]	[1, 1, 1, 0, 1]	0.013045	4211.478614
162	3	107	142	True	[2.1825802560401817, 2.789548946858935, 1.7591348579520196, 2.951537424927837, 1.8881816944510863, 4.730454416730548]	[2, 1, 1, 0, 0]	0.018478	4051.906973
163	3	140	113	True	[0.6474727334115442, 0.05959891265138806, 1.391024167155546, 2.991553205577127, 1.964243925156104, 1.1610729690930026]	[2, 1, 0, 2, 0]	0.011951	3001.591264
164	3	126	101	True	[3.033118657256371, 3.273527819500007, 5.0, 3.8557646975872437, 2.433131463888111, 0.409719817910861]	[1, 2, 2, 1, 1]	0.00122	5156.232218
165	3	133	111	True	[1.3993508166523605, 1.800308159268368, 2.8242361182804467, 1.8030915536277297, 4.924217036648624, 1.3678311243731716]	[2, 0, 1, 0, 0]	0.027475	3601.678234
166	3	137	127	True	[1.7528451636939135, 3.90567531767409, 1.7223358403589448, 1.523968614124098, 1.8579728034455056, 1.3313171045217511]	[2, 2, 1, 1, 2]	0.002261	4178.954728
167	3	140	106	True	[2.816999438696732, 0.7221040243031256, 1.6585233519727445, 2.67502245947807, 2.0637242037583636, 0.0]	[0, 0, 0, 0, 0]	0.017544	2423.682922
168	3	140	111	True	[2.450593164326896, 1.0904929591622765, 1.3587499008195854, 2.902421581895275, 3.3338633861817533, 0.7174232750137041]	[2, 0, 0, 0, 0]	0.01751	2951.092587
169	3	140	101	True	[0.4201560010391708, 2.1160558933933613, 2.5461632850145897, 3.9447186847953644, 2.4558093385061945, 0.4343406878746784]	[1, 0, 0, 0, 1]	0.005801	3159.379784
170	3	111	143	True	[2.2770283820851236, 0.5725524084317284, 2.748189329625049, 2.823367277206911, 3.9918266457398124, 0.7162970021850984]	[1, 0, 1, 1, 0]	0.005616	3945.098482
171	3	140	100	True	[0.0, 0.7848380008278959, 2.5202531284927474, 2.8369298199558832, 2.287809275567335, 0.42399146883045125]	[0, 0, 0, 0, 0]	0.005759	2239.874096
172	3	114	143	True	[2.410163152878248, 2.2970466151974342, 4.210984941676267, 2.720038377988141, 2.5756124991256044, 0.0]	[1, 2, 0, 0, 0]	0.006759	3525.239449
173	3	127	132	True	[0.0, 4.052024161491554, 1.8369912909176107, 1.4975266513177679, 2.040416687761227, 1.3754119375322162]	[2, 0, 1, 2, 1]	0.017463	3639.783778
174	3	139	102	True	[3.0692356612030927, 2.9544321298683958, 3.211488046021336, 2.171313107756802, 3.289128246459285, 0.5615013846548367]	[1, 2, 1, 0, 1]	0.009238	4204.834542
175	3	101	100	True	[0.7498891357358292, 0.564308081278885, 3.951692400033037, 2.6019434947857114, 2.986446821884285, 0.43788718408135563]	[1, 2, 0, 0, 1]	0.00762	3347.297252
176	3	143	146	True	[2.229828555756486, 0.9444110813246067, 3.5953334364246636, 3.439956412824789, 3.621404592251374, 0.8961274527185197]	[1, 1, 1, 1, 0]	0.002318	4505.768743
177	3	136	144	True	[0.0, 4.151694394517265, 4.223168865954743, 1.7502769347616018, 1.309008408831176, 1.238326475080256]	[0, 0, 0, 2, 2]	0.014057	3392.317722
178	3	137	101	True	[1.922988848465491, 2.9826299567741166, 3.888204832963112, 2.9178282617125118, 2.984780875853747, 0.32270331577737915]	[1, 2, 1, 2, 2]	0.001244	4778.341043
179	3	139	106	True	[1.8602596853769842, 3.017863061660775, 3.413203822782452, 2.073694824340701, 2.9977411658812674, 1.30381667329969]	[0, 2, 0, 0, 1]	0.012766	3464.665202
180	3	107	104	True	[1.969379403403893, 3.7097656113755733, 2.527555194716325, 3.137234481989429, 4.717447136334962, 5.0]	[2, 1, 1, 0, 2]	0.010083	5058.016002
181	3	127	109	True	[0.2867931611192295, 3.774236090701895, 1.6651868491326083, 2.4627911462778993, 2.8996408038041857, 1.9558301207471043]	[2, 1, 1, 2, 2]	0.001659	4361.336375
182	3	100	140	True	[0.0, 0.8191427273869148, 2.1560432531921143, 2.7235745579199437, 1.9545918517503624, 0.6366878242364291]	[0, 0, 0, 0, 0]	0.005262	2134.879861
183	3	101	104	True	[1.9354676411371747, 3.2992205108393486, 2.901119212720058, 3.9442274589716835, 3.3426785250239965, 0.7050752000763939]	[1, 2, 1, 2, 1]	0.0013	4990.762023
184	3	104	144	True	[0.3700033672630004, 3.897951917794251, 2.56630316953515, 2.456214717199845, 3.298295058840427, 0.889043089388758]	[2, 1, 1, 1, 1]	0.001554	4451.601845
185	3	116	100	True	[2.6279768414008076, 4.450338473301435, 2.395765393159653, 2.5805601410330086, 2.1558856345672477, 4.0234690504543345]	[0, 2, 0, 0, 0]	0.020647	3799.713441
186	3	109	104	True	[1.5777099292090808, 3.7454710108986116, 1.763737211464989, 3.4129387603846326, 3.636693066157695, 1.5998492822894288]	[2, 1, 1, 2, 0]	0.003089	4487.491135
187	3	115	103	True	[1.652737775205487, 2.436538446040995, 0.8394520754558792, 1.3641435671233455, 2.5593966046456664, 0.5338376971141352]	[2, 1, 0, 2, 1]	0.006126	3291.652763
188	3	106	136	True	[1.2052124115577785, 3.51246400260802, 4.1367414858235465, 2.6832877120540854, 1.797384459624218, 0.0]	[0, 0, 0, 0, 2]	0.00925	2796.431516
189	3	102	100	True	[1.5833935191765047, 0.32315595590284885, 4.446214043866657, 2.642418217001929, 2.4822787931782764, 0.0]	[2, 1, 0, 0, 0]	0.010972	3618.888085
190	3	106	141	True	[2.1822756679780824, 0.8313122582231385, 3.769284974689537, 2.6105284081264952, 2.246683919918339, 1.188017659372135]	[0, 2, 0, 2, 0]	0.01434	3319.231605
191	3	105	115	True	[2.1045620560750717, 1.7008400142729303, 2.6638607929210276, 1.6128421177979408, 2.408036540773965, 3.250726672415345]	[2, 1, 0, 0, 0]	0.0243	3315.059772
192	3	126	124	True	[2.6038687288779725, 3.677227287864092, 2.068152748696422, 2.929376295023654, 2.149708632100185, 0.23429326578981552]	[2, 1, 2, 1, 0]	0.001579	4017.234961
193	3	103	115	True	[2.350253048288848, 2.0986935689690207, 2.516739019483125, 1.076366760936333, 2.3158689817338147, 0.7826042049813915]	[2, 1, 1, 2, 2]	0.002629	3900.089204
194	3	110	105	True	[2.190889105182194, 2.115176399967506, 2.5235450831896853, 2.422046861683044, 1.1690882068034822, 3.8966297937996126]	[2, 0, 1, 2, 0]	0.021296	3787.015933
195	3	130	115	True	[0.0, 2.2109595758961302, 2.9831533324119537, 1.2901119018515272, 2.6583976218948626, 1.0863304491223191]	[0, 1, 0, 0, 1]	0.017331	3106.141339
196	3	111	120	True	[1.7644458327022952, 1.6940858658595448, 5.0, 3.8364994246254502, 2.5007310827225817, 1.3010821735663707]	[2, 0, 0, 0, 2]	0.005503	3737.97211
197	3	103	131	True	[1.6155564002206069, 3.8885688478518463, 1.5943593559609317, 1.3709470140364601, 3.2943049635687327, 1.1889779306585893]	[2, 2, 1, 1, 1]	0.003115	4505.996634
198	3	107	108	True	[1.843900085528853, 2.6833811644270007, 1.5395052944596797, 0.7092307909299137, 1.8876053911432118, 2.2333602428102433]	[2, 1, 2, 0, 0]	0.026912	3194.092993
199	3	144	110	True	[1.7315430020032667, 3.92144236416498, 2.7328668486028134, 2.2465711764216723, 1.7074089162989075, 2.327180005059809]	[1, 1, 1, 0, 1]	0.001986	4275.394741